{
  "version": 1,
  "author": "Veronika Chunaeva",
  "editor": "wokwi",
  "parts": [
    { "type": "wokwi-breadboard-half", "id": "bb1", "top": -319.8, "left": -35.6, "attrs": {} },
    { "type": "wokwi-arduino-uno", "id": "uno", "top": 0, "left": 0, "attrs": {} },
    {
      "type": "wokwi-dht22",
      "id": "dht1",
      "top": -383.7,
      "left": 13.8,
      "attrs": { "temperature": "54.3", "humidity": "10.5" }
    },
    {
      "type": "wokwi-resistor",
      "id": "r1",
      "top": 52.8,
      "left": 277.85,
      "rotate": 90,
      "attrs": { "value": "240000" }
    },
    {
      "type": "wokwi-resistor",
      "id": "r2",
      "top": -235.2,
      "left": -38.95,
      "rotate": 90,
      "attrs": { "value": "240000" }
    }
  ],
  "connections": [
    [ "bb1:5t.b", "bb1:bp.4", "red", [ "v0" ] ],
    [ "bb1:tp.1", "bb1:bp.1", "red", [ "v0.3", "h-56", "v172.8" ] ],
    [ "bb1:tn.1", "bb1:bn.1", "black", [ "v-0.1", "h-65.6", "v172.8" ] ],
    [ "bb1:bn.25", "uno:GND.3", "black", [ "v-1.3", "h30.4", "v336", "h-115.2" ] ],
    [ "bb1:8t.b", "bb1:bn.6", "black", [ "v0" ] ],
    [ "dht1:VCC", "bb1:5t.a", "", [ "$bb" ] ],
    [ "dht1:SDA", "bb1:6t.a", "", [ "$bb" ] ],
    [ "dht1:NC", "bb1:7t.a", "", [ "$bb" ] ],
    [ "dht1:GND", "bb1:8t.a", "", [ "$bb" ] ],
    [ "uno:5V", "r1:2", "red", [ "v29.3", "h147.2", "v-133.2" ] ],
    [ "r1:1", "bb1:bp.25", "red", [ "h0", "v-124.8" ] ],
    [ "uno:3", "bb1:6t.b", "green", [ "v-114.6", "h-188.6" ] ],
    [ "bb1:5t.c", "bb1:1t.b", "magenta", [ "v0" ] ],
    [ "bb1:1b.g", "bb1:6t.e", "magenta", [ "h57.6", "v-38.4" ] ],
    [ "r2:1", "bb1:1t.b", "", [ "$bb" ] ],
    [ "r2:2", "bb1:1b.f", "", [ "$bb" ] ]
  ],
  "dependencies": {}
}