{
  "version": 1,
  "author": "Anonymous maker",
  "editor": "wokwi",
  "parts": [
    {
      "type": "wokwi-breadboard-half",
      "id": "bb1",
      "top": 217.8,
      "left": 559.6,
      "attrs": { "color": "#eeefed" }
    },
    { "type": "wokwi-arduino-uno", "id": "uno", "top": 451.8, "left": 316.2, "attrs": {} },
    { "type": "wokwi-dht22", "id": "dht1", "top": 153.9, "left": 570.6, "attrs": {} },
    {
      "type": "wokwi-resistor",
      "id": "r1",
      "top": 272.75,
      "left": 528,
      "rotate": 90,
      "attrs": { "value": "1000" }
    }
  ],
  "connections": [
    [ "bb1:2t.e", "uno:3", "magenta", [ "v0" ] ],
    [ "bb1:1t.e", "uno:5V", "red", [ "v0" ] ],
    [ "dht1:VCC", "bb1:1t.a", "", [ "$bb" ] ],
    [ "dht1:SDA", "bb1:2t.a", "", [ "$bb" ] ],
    [ "dht1:NC", "bb1:3t.a", "", [ "$bb" ] ],
    [ "dht1:GND", "bb1:4t.a", "", [ "$bb" ] ],
    [ "bb1:4t.e", "uno:GND.2", "green", [ "v0" ] ],
    [ "r1:1", "bb1:1t.b", "green", [ "h28.25", "v20.05" ] ],
    [ "r1:2", "bb1:2t.d", "green", [ "h0" ] ]
  ],
  "dependencies": {}
}