{
  "version": 1,
  "author": "LUCAS TERMINIELLO",
  "editor": "wokwi",
  "parts": [
    { "type": "wokwi-breadboard-mini", "id": "bb1", "top": -39.8, "left": -31.2, "attrs": {} },
    { "type": "wokwi-arduino-uno", "id": "uno", "top": 144.6, "left": -67.8, "attrs": {} },
    {
      "type": "wokwi-led",
      "id": "led1",
      "top": -70.8,
      "left": -34.6,
      "attrs": { "color": "red" }
    },
    {
      "type": "wokwi-resistor",
      "id": "r1",
      "top": 61.55,
      "left": -19.2,
      "attrs": { "value": "240000" }
    },
    {
      "type": "wokwi-led",
      "id": "led2",
      "top": -70.8,
      "left": -5.8,
      "attrs": { "color": "yellow" }
    },
    { "type": "wokwi-led", "id": "led3", "top": -70.8, "left": 23, "attrs": { "color": "green" } }
  ],
  "connections": [
    [ "bb1:2t.b", "uno:10", "red", [ "v115.2", "h96", "v-9.6" ] ],
    [ "bb1:7b.j", "uno:GND.1", "green", [ "v57.6", "h9.6" ] ],
    [ "bb1:5t.b", "uno:11", "red", [ "v124.8", "h57.6" ] ],
    [ "r1:1", "bb1:1b.i", "", [ "$bb" ] ],
    [ "r1:2", "bb1:7b.i", "", [ "$bb" ] ],
    [ "led2:A", "bb1:5t.a", "", [ "$bb" ] ],
    [ "led2:C", "bb1:4t.a", "", [ "$bb" ] ],
    [ "led3:A", "bb1:8t.a", "", [ "$bb" ] ],
    [ "led3:C", "bb1:7t.a", "", [ "$bb" ] ],
    [ "bb1:8t.b", "uno:9", "red", [ "v134.4", "h48" ] ],
    [ "led1:A", "bb1:2t.a", "", [ "$bb" ] ],
    [ "led1:C", "bb1:1t.a", "", [ "$bb" ] ],
    [ "bb1:1t.b", "bb1:1b.f", "green", [ "v0", "h-9.6", "v57.6" ] ],
    [ "bb1:4t.b", "bb1:1b.g", "green", [ "v9.6", "h-48", "v57.6" ] ],
    [ "bb1:7t.b", "bb1:1b.h", "green", [ "v19.2", "h-86.4", "v57.6" ] ]
  ],
  "dependencies": {}
}