{
  "version": 1,
  "author": "LUCAS TERMINIELLO",
  "editor": "wokwi",
  "parts": [
    { "type": "wokwi-breadboard-mini", "id": "bb1", "top": -39.8, "left": -31.2, "attrs": {} },
    { "type": "wokwi-arduino-uno", "id": "uno", "top": 144.6, "left": -67.8, "attrs": {} },
    {
      "type": "wokwi-led",
      "id": "led1",
      "top": -70.8,
      "left": -34.6,
      "attrs": { "color": "red" }
    },
    {
      "type": "wokwi-led",
      "id": "led2",
      "top": -70.8,
      "left": -5.8,
      "attrs": { "color": "yellow" }
    },
    {
      "type": "wokwi-led",
      "id": "led3",
      "top": -70.8,
      "left": 23,
      "attrs": { "color": "green" }
    },
    {
      "type": "wokwi-led",
      "id": "led4",
      "top": -70.8,
      "left": 51.8,
      "attrs": { "color": "blue" }
    },
    {
      "type": "wokwi-led",
      "id": "led5",
      "top": -70.8,
      "left": 80.6,
      "attrs": { "color": "white" }
    },
    { "type": "wokwi-resistor", "id": "r1", "top": 61.55, "left": -19.2, "attrs": { "value": "220" } },
    { "type": "wokwi-resistor", "id": "r2", "top": 61.55, "left": 9.6, "attrs": { "value": "220" } },
    { "type": "wokwi-resistor", "id": "r3", "top": 61.55, "left": 38.4, "attrs": { "value": "220" } },
    { "type": "wokwi-resistor", "id": "r4", "top": 61.55, "left": 67.2, "attrs": { "value": "220" } },
    { "type": "wokwi-resistor", "id": "r5", "top": 61.55, "left": 96, "attrs": { "value": "220" } }
  ],
  "connections": [
    [ "bb1:2t.b", "uno:10", "red", [ "v115.2", "h96", "v-9.6" ] ],
    [ "bb1:5t.b", "uno:11", "red", [ "v124.8", "h57.6" ] ],
    [ "bb1:8t.b", "uno:9", "red", [ "v134.4", "h48" ] ],
    [ "bb1:11t.b", "uno:8", "red", [ "v144", "h96" ] ],
    [ "bb1:14t.b", "uno:7", "red", [ "v153.6", "h134.4" ] ],

    [ "led1:A", "bb1:2t.a", "", [ "$bb" ] ],
    [ "led1:C", "bb1:1t.a", "", [ "$bb" ] ],
    [ "r1:1", "bb1:1b.i", "", [ "$bb" ] ],
    [ "r1:2", "bb1:7b.i", "", [ "$bb" ] ],

    [ "led2:A", "bb1:5t.a", "", [ "$bb" ] ],
    [ "led2:C", "bb1:4t.a", "", [ "$bb" ] ],
    [ "r2:1", "bb1:4b.i", "", [ "$bb" ] ],
    [ "r2:2", "bb1:7b.i", "", [ "$bb" ] ],

    [ "led3:A", "bb1:8t.a", "", [ "$bb" ] ],
    [ "led3:C", "bb1:7t.a", "", [ "$bb" ] ],
    [ "r3:1", "bb1:7b.i", "", [ "$bb" ] ],
    [ "r3:2", "bb1:7b.i", "", [ "$bb" ] ],

    [ "led4:A", "bb1:11t.a", "", [ "$bb" ] ],
    [ "led4:C", "bb1:10t.a", "", [ "$bb" ] ],
    [ "r4:1", "bb1:10b.i", "", [ "$bb" ] ],
    [ "r4:2", "bb1:7b.i", "", [ "$bb" ] ],

    [ "led5:A", "bb1:14t.a", "", [ "$bb" ] ],
    [ "led5:C", "bb1:13t.a", "", [ "$bb" ] ],
    [ "r5:1", "bb1:13b.i", "", [ "$bb" ] ],
    [ "r5:2", "bb1:7b.i", "", [ "$bb" ] ],

    [ "bb1:7b.j", "uno:GND.1", "green", [ "v57.6", "h9.6" ] ]
  ],
  "dependencies": {}
}
